{
  "Author": "EuphoricCrashOut",
  "Name": "DutySpeed",
  "InternalName": "DutySpeed",
  "AssemblyVersion": "1.0.0.0",
  "Description": "a lightweight, automated speedrun timer for Final Fantasy XIV. It helps you track the time it took to complete dungeons, trials, and raids. Historial top 5 fastest runs are kept.",
  "ApplicableVersion": "any",
  "RepoUrl": "",
  "Tags": [
    "speedrun",
    "duty",
    "time"
  ],
  "DalamudApiLevel": 14,
  "LoadRequiredState": 0,
  "LoadSync": false,
  "CanUnloadAsync": false,
  "LoadPriority": 0,
  "IconUrl": "https://raw.githubusercontent.com/EuphoricCrashOut/DutySpeed/refs/heads/main/icon.png",
  "Punchline": "A simple speedrun timer for duties.",
  "AcceptsFeedback": true
}