{
  "Author": "Takkin",
  "Name": "DutySpeed",
  "InternalName": "DutySpeed",
  "AssemblyVersion": "1.0.0.0",
  "Description": "Automatically tracks your time in dungeons and trials, providing boss kill splits in chat.",
  "ApplicableVersion": "any",
  "RepoUrl": "",
  "Tags": [
    "speedrun",
    "duty",
    "time"
  ],
  "DalamudApiLevel": 14,
  "LoadRequiredState": 0,
  "LoadSync": false,
  "CanUnloadAsync": false,
  "LoadPriority": 0,
  "IconUrl": "https://raw.githubusercontent.com/EuphoricCrashOut/DutySpeed/refs/heads/main/icon.png",
  "Punchline": "A simple speedrun timer for duties.",
  "AcceptsFeedback": true
}